"","SINCERE_MAX2","STRATEGIC_MAX2","n","percent"
"1",0,0,23,0.018341307814992
"2",0,1,240,0.191387559808612
"3",1,0,247,0.196969696969697
"4",1,1,744,0.593301435406699
