"","SINCERE_MAX2","STRATEGIC_MAX2","n","percent"
"1",0,0,32,0.0258899676375405
"2",0,1,233,0.188511326860841
"3",1,0,208,0.168284789644013
"4",1,1,763,0.617313915857605
