"","SINCERE_MAX2","STRATEGIC_MAX2","n","percent"
"1",0,0,173,0.0681639085894405
"2",0,1,238,0.0937746256895193
"3",1,0,354,0.139479905437352
"4",1,1,1773,0.698581560283688
