"","SINCERE_MAX2","STRATEGIC_MAX2","n","percent"
"1",0,0,2,0.0277777777777778
"2",0,1,7,0.0972222222222222
"3",1,0,11,0.152777777777778
"4",1,1,52,0.722222222222222
