"","SINCERE_MAX2","STRATEGIC_MAX2","n","percent"
"1",0,0,24,0.0761904761904762
"2",0,1,42,0.133333333333333
"3",1,0,60,0.19047619047619
"4",1,1,189,0.6
